Doe,John,Je,1,label,labelshort,1,1,1,1,1,key,params,
Fourniret,Michel,Ne,1,label,labelshort,1,1,1,1,1,key,params,
Kaczynski,Ted,Sais,1,label,labelshort,1,1,1,1,1,key,params,
PP,Alex,Pas,1,label,labelshort,1,1,1,1,1,key,params,
Lelandais,Nordhal,Quoi1,label,labelshort,1,1,1,1,1,key,params,
DupontDeLigones,Xavier,Ecrire,1,label,labelshort,1,1,1,1,1,key,params,
Eventreur,Jack,Franchement,1,label,labelshort,1,1,1,1,1,key,params,
Dahmer,Jeffrey,Donc,1,label,labelshort,1,1,1,1,1,key,params,
Georges,Guy,Lorem,1,label,labelshort,1,1,1,1,1,key,params,
Louis,Emile,Ipsum,1,label,labelshort,1,1,1,1,1,key,params,
Fish,Albert,Lorem,1,label,labelshort,1,1,1,1,1,key,params,
Bundy,Ted,Ispum,1,label,labelshort,1,1,1,1,1,key,params,
Rader,Dennis,Lorem,1,label,labelshort,1,1,1,1,1,key,params,
Ramirez,Richard,Ipsum,1,label,labelshort,1,1,1,1,1,key,params,
Ridgway,Gary,Lorem,1,label,labelshort,1,1,1,1,1,key,params,